Id,Index Date,Index Capital Value,Index Deviation,Index % Deviation
1,2014-03-09,6884,-2,-0.03
2,2014-03-09,4459,-9,-0.2
3,2014-03-09,4571,-7,-0.15
6,2014-03-09,5599,5,0.09
7,2014-03-09,3895,8,0.21
8,2014-03-09,3742,8,0.21
9,2014-03-09,4265,0,0
10,2014-03-09,3472,-6,-0.17
11,2014-03-09,6133,-7,-0.11
12,2014-03-09,5988,5,0.08
13,2014-03-09,5867,9,0.15
14,2014-03-09,3408,9,0.26
15,2014-03-09,5105,2,0.04
16,2014-03-09,5280,9,0.17
17,2014-03-09,5384,1,0.02
18,2014-03-09,5935,8,0.13
19,2014-03-09,4288,-1,-0.02
20,2014-03-09,4057,-9,-0.22
21,2014-03-09,5192,-5,-0.1
1,2014-03-08,6886,2,0.03
2,2014-03-08,4468,4,0.09
3,2014-03-08,4578,-8,-0.17
6,2014-03-08,5594,3,0.05
7,2014-03-08,3887,-5,-0.13
8,2014-03-08,3734,2,0.05
9,2014-03-08,4265,4,0.09
10,2014-03-08,3478,-9,-0.26
11,2014-03-08,6140,3,0.05
12,2014-03-08,5983,1,0.02
13,2014-03-08,5858,10,0.17
14,2014-03-08,3399,6,0.18
15,2014-03-08,5103,-8,-0.16
16,2014-03-08,5271,1,0.02
17,2014-03-08,5383,10,0.19
18,2014-03-08,5927,7,0.12
19,2014-03-08,4289,1,0.02
20,2014-03-08,4066,-6,-0.15
21,2014-03-08,5197,5,0.1
1,2014-03-07,6884,10,0.15
2,2014-03-07,4464,-4,-0.09
3,2014-03-07,4586,5,0.11
6,2014-03-07,5591,-10,-0.18
7,2014-03-07,3892,7,0.18
8,2014-03-07,3732,-3,-0.08
9,2014-03-07,4261,4,0.09
10,2014-03-07,3487,-5,-0.14
11,2014-03-07,6137,5,0.08
12,2014-03-07,5982,-8,-0.13
13,2014-03-07,5848,4,0.07
14,2014-03-07,3393,-7,-0.21
15,2014-03-07,5111,-5,-0.1
16,2014-03-07,5270,-8,-0.15
17,2014-03-07,5373,-3,-0.06
18,2014-03-07,5920,-8,-0.13
19,2014-03-07,4288,-6,-0.14
20,2014-03-07,4072,6,0.15
21,2014-03-07,5192,6,0.12
1,2014-03-06,6874,4,0.06
2,2014-03-06,4468,-6,-0.13
3,2014-03-06,4581,8,0.17
6,2014-03-06,5601,1,0.02
7,2014-03-06,3885,3,0.08
8,2014-03-06,3735,-7,-0.19
9,2014-03-06,4257,2,0.05
10,2014-03-06,3492,-7,-0.2
11,2014-03-06,6132,1,0.02
12,2014-03-06,5990,-4,-0.07
13,2014-03-06,5844,-8,-0.14
14,2014-03-06,3400,7,0.21
15,2014-03-06,5116,9,0.18
16,2014-03-06,5278,-2,-0.04
17,2014-03-06,5376,-10,-0.19
18,2014-03-06,5928,5,0.08
19,2014-03-06,4294,-5,-0.12
20,2014-03-06,4066,-6,-0.15
21,2014-03-06,5186,-5,-0.1
1,2014-03-05,6870,10,0.15
2,2014-03-05,4474,10,0.22
3,2014-03-05,4573,-6,-0.13
6,2014-03-05,5600,-6,-0.11
7,2014-03-05,3882,-5,-0.13
8,2014-03-05,3742,3,0.08
9,2014-03-05,4255,10,0.24
10,2014-03-05,3499,4,0.11
11,2014-03-05,6131,2,0.03
12,2014-03-05,5994,8,0.13
13,2014-03-05,5852,2,0.03
14,2014-03-05,3393,4,0.12
15,2014-03-05,5107,4,0.08
16,2014-03-05,5280,-7,-0.13
17,2014-03-05,5386,9,0.17
18,2014-03-05,5923,-5,-0.08
19,2014-03-05,4299,3,0.07
20,2014-03-05,4072,5,0.12
21,2014-03-05,5191,9,0.17
1,2014-03-04,6860,6,0.09
2,2014-03-04,4464,-4,-0.09
3,2014-03-04,4579,8,0.18
6,2014-03-04,5606,9,0.16
7,2014-03-04,3887,-8,-0.21
8,2014-03-04,3739,-8,-0.21
9,2014-03-04,4245,-7,-0.16
10,2014-03-04,3495,9,0.26
11,2014-03-04,6129,3,0.05
12,2014-03-04,5986,7,0.12
13,2014-03-04,5850,-4,-0.07
14,2014-03-04,3389,5,0.15
15,2014-03-04,5103,-8,-0.16
16,2014-03-04,5287,-4,-0.08
17,2014-03-04,5377,0,0
18,2014-03-04,5928,-3,-0.05
19,2014-03-04,4296,6,0.14
20,2014-03-04,4067,8,0.2
21,2014-03-04,5182,-6,-0.12
1,2014-03-03,6854,7,0.1
2,2014-03-03,4468,-10,-0.22
3,2014-03-03,4571,-3,-0.07
6,2014-03-03,5597,3,0.05
7,2014-03-03,3895,10,0.26
8,2014-03-03,3747,2,0.05
9,2014-03-03,4252,10,0.24
10,2014-03-03,3486,10,0.29
11,2014-03-03,6126,5,0.08
12,2014-03-03,5979,-5,-0.08
13,2014-03-03,5854,8,0.14
14,2014-03-03,3384,-3,-0.09
15,2014-03-03,5111,9,0.18
16,2014-03-03,5291,-7,-0.13
17,2014-03-03,5377,-8,-0.15
18,2014-03-03,5931,-3,-0.05
19,2014-03-03,4290,-8,-0.19
20,2014-03-03,4059,-7,-0.17
21,2014-03-03,5188,-6,-0.12
1,2014-03-02,6847,1,0.01
2,2014-03-02,4478,10,0.22
3,2014-03-02,4574,3,0.07
6,2014-03-02,5594,9,0.16
7,2014-03-02,3885,6,0.15
8,2014-03-02,3745,-3,-0.08
9,2014-03-02,4242,-10,-0.24
10,2014-03-02,3476,-1,-0.03
11,2014-03-02,6121,2,0.03
12,2014-03-02,5984,4,0.07
13,2014-03-02,5846,-1,-0.02
14,2014-03-02,3387,-6,-0.18
15,2014-03-02,5102,-1,-0.02
16,2014-03-02,5298,3,0.06
17,2014-03-02,5385,-4,-0.07
18,2014-03-02,5934,9,0.15
19,2014-03-02,4298,10,0.23
20,2014-03-02,4066,3,0.07
21,2014-03-02,5194,-4,-0.08
1,2014-03-01,6846,9,0.13
2,2014-03-01,4468,3,0.07
3,2014-03-01,4571,3,0.07
6,2014-03-01,5585,-3,-0.05
7,2014-03-01,3879,-7,-0.18
8,2014-03-01,3748,5,0.13
9,2014-03-01,4252,-4,-0.09
10,2014-03-01,3477,2,0.06
11,2014-03-01,6119,-7,-0.11
12,2014-03-01,5980,-10,-0.17
13,2014-03-01,5847,10,0.17
14,2014-03-01,3393,8,0.24
15,2014-03-01,5103,4,0.08
16,2014-03-01,5295,-9,-0.17
17,2014-03-01,5389,-5,-0.09
18,2014-03-01,5925,2,0.03
19,2014-03-01,4288,-1,-0.02
20,2014-03-01,4063,-2,-0.05
21,2014-03-01,5198,2,0.04
1,2014-02-28,6837,-4,-0.06
2,2014-02-28,4465,-4,-0.09
3,2014-02-28,4568,9,0.2
6,2014-02-28,5588,0,0
7,2014-02-28,3886,-3,-0.08
8,2014-02-28,3743,7,0.19
9,2014-02-28,4256,7,0.16
10,2014-02-28,3475,8,0.23
11,2014-02-28,6126,7,0.11
12,2014-02-28,5990,-1,-0.02
13,2014-02-28,5837,-9,-0.15
14,2014-02-28,3385,0,0
15,2014-02-28,5099,-4,-0.08
16,2014-02-28,5304,5,0.09
17,2014-02-28,5394,5,0.09
18,2014-02-28,5923,-5,-0.08
19,2014-02-28,4289,1,0.02
20,2014-02-28,4065,8,0.2
21,2014-02-28,5196,-1,-0.02
1,2014-02-27,6841,-8,-0.12
2,2014-02-27,4469,9,0.2
3,2014-02-27,4559,-2,-0.04
6,2014-02-27,5588,4,0.07
7,2014-02-27,3889,-8,-0.21
8,2014-02-27,3736,-6,-0.16
9,2014-02-27,4249,-8,-0.19
10,2014-02-27,3467,5,0.14
11,2014-02-27,6119,8,0.13
12,2014-02-27,5991,-1,-0.02
13,2014-02-27,5846,-7,-0.12
14,2014-02-27,3385,-8,-0.24
15,2014-02-27,5103,1,0.02
16,2014-02-27,5299,-1,-0.02
17,2014-02-27,5389,1,0.02
18,2014-02-27,5928,6,0.1
19,2014-02-27,4288,6,0.14
20,2014-02-27,4057,-8,-0.2
21,2014-02-27,5197,3,0.06
1,2014-02-26,6849,-5,-0.07
2,2014-02-26,4460,10,0.22
3,2014-02-26,4561,5,0.11
6,2014-02-26,5584,0,0
7,2014-02-26,3897,-5,-0.13
8,2014-02-26,3742,-7,-0.19
9,2014-02-26,4257,8,0.19
10,2014-02-26,3462,4,0.12
11,2014-02-26,6111,10,0.16
12,2014-02-26,5992,-6,-0.1
13,2014-02-26,5853,-8,-0.14
14,2014-02-26,3393,-5,-0.15
15,2014-02-26,5102,-9,-0.18
16,2014-02-26,5300,1,0.02
17,2014-02-26,5388,-8,-0.15
18,2014-02-26,5922,3,0.05
19,2014-02-26,4282,5,0.12
20,2014-02-26,4065,9,0.22
21,2014-02-26,5194,-1,-0.02
1,2014-02-25,6854,-9,-0.13
2,2014-02-25,4450,10,0.23
3,2014-02-25,4556,-2,-0.04
6,2014-02-25,5584,-1,-0.02
7,2014-02-25,3902,-10,-0.26
8,2014-02-25,3749,-4,-0.11
9,2014-02-25,4249,-2,-0.05
10,2014-02-25,3458,-9,-0.26
11,2014-02-25,6101,10,0.16
12,2014-02-25,5998,-8,-0.13
13,2014-02-25,5861,-3,-0.05
14,2014-02-25,3398,9,0.27
15,2014-02-25,5111,-8,-0.16
16,2014-02-25,5299,-2,-0.04
17,2014-02-25,5396,8,0.15
18,2014-02-25,5919,10,0.17
19,2014-02-25,4277,1,0.02
20,2014-02-25,4056,3,0.07
21,2014-02-25,5195,-5,-0.1
1,2014-02-24,6863,-10,-0.15
2,2014-02-24,4440,-1,-0.02
3,2014-02-24,4558,4,0.09
6,2014-02-24,5585,5,0.09
7,2014-02-24,3912,-2,-0.05
8,2014-02-24,3753,9,0.24
9,2014-02-24,4251,-2,-0.05
10,2014-02-24,3467,-10,-0.29
11,2014-02-24,6091,10,0.16
12,2014-02-24,6006,-7,-0.12
13,2014-02-24,5864,7,0.12
14,2014-02-24,3389,0,0
15,2014-02-24,5119,7,0.14
16,2014-02-24,5301,-7,-0.13
17,2014-02-24,5388,6,0.11
18,2014-02-24,5909,-4,-0.07
19,2014-02-24,4276,0,0
20,2014-02-24,4053,-6,-0.15
21,2014-02-24,5200,-10,-0.19
1,2014-02-23,6873,9,0.13
2,2014-02-23,4441,9,0.2
3,2014-02-23,4554,-7,-0.15
6,2014-02-23,5580,1,0.02
7,2014-02-23,3914,-5,-0.13
8,2014-02-23,3744,-8,-0.21
9,2014-02-23,4253,9,0.21
10,2014-02-23,3477,-1,-0.03
11,2014-02-23,6081,0,0
12,2014-02-23,6013,7,0.12
13,2014-02-23,5857,-2,-0.03
14,2014-02-23,3389,2,0.06
15,2014-02-23,5112,0,0
16,2014-02-23,5308,7,0.13
17,2014-02-23,5382,1,0.02
18,2014-02-23,5913,0,0
19,2014-02-23,4276,10,0.23
20,2014-02-23,4059,-3,-0.07
21,2014-02-23,5210,-3,-0.06
1,2014-02-22,6864,7,0.1
2,2014-02-22,4432,6,0.14
3,2014-02-22,4561,-3,-0.07
6,2014-02-22,5579,-10,-0.18
7,2014-02-22,3919,-3,-0.08
8,2014-02-22,3752,1,0.03
9,2014-02-22,4244,-4,-0.09
10,2014-02-22,3478,-9,-0.26
11,2014-02-22,6081,2,0.03
12,2014-02-22,6006,-3,-0.05
13,2014-02-22,5859,2,0.03
14,2014-02-22,3387,-1,-0.03
15,2014-02-22,5112,4,0.08
16,2014-02-22,5301,9,0.17
17,2014-02-22,5381,-7,-0.13
18,2014-02-22,5913,7,0.12
19,2014-02-22,4266,-5,-0.12
20,2014-02-22,4062,9,0.22
21,2014-02-22,5213,-5,-0.1
1,2014-02-21,6857,6,0.09
2,2014-02-21,4426,-7,-0.16
3,2014-02-21,4564,-9,-0.2
6,2014-02-21,5589,4,0.07
7,2014-02-21,3922,7,0.18
8,2014-02-21,3751,-4,-0.11
9,2014-02-21,4248,5,0.12
10,2014-02-21,3487,-8,-0.23
11,2014-02-21,6079,-5,-0.08
12,2014-02-21,6009,10,0.17
13,2014-02-21,5857,8,0.14
14,2014-02-21,3388,10,0.3
15,2014-02-21,5108,8,0.16
16,2014-02-21,5292,6,0.11
17,2014-02-21,5388,-8,-0.15
18,2014-02-21,5906,-5,-0.08
19,2014-02-21,4271,9,0.21
20,2014-02-21,4053,9,0.22
21,2014-02-21,5218,6,0.12
1,2014-02-20,6851,-6,-0.09
2,2014-02-20,4433,9,0.2
3,2014-02-20,4573,4,0.09
6,2014-02-20,5585,9,0.16
7,2014-02-20,3915,-8,-0.2
8,2014-02-20,3755,8,0.21
9,2014-02-20,4243,-4,-0.09
10,2014-02-20,3495,-1,-0.03
11,2014-02-20,6084,-7,-0.11
12,2014-02-20,5999,4,0.07
13,2014-02-20,5849,-9,-0.15
14,2014-02-20,3378,-10,-0.3
15,2014-02-20,5100,0,0
16,2014-02-20,5286,-10,-0.19
17,2014-02-20,5396,-5,-0.09
18,2014-02-20,5911,2,0.03
19,2014-02-20,4262,-7,-0.16
20,2014-02-20,4044,9,0.22
21,2014-02-20,5212,3,0.06
1,2014-02-19,6857,0,0
2,2014-02-19,4424,6,0.14
3,2014-02-19,4569,-8,-0.17
6,2014-02-19,5576,3,0.05
7,2014-02-19,3923,9,0.23
8,2014-02-19,3747,5,0.13
9,2014-02-19,4247,-5,-0.12
10,2014-02-19,3496,-10,-0.29
11,2014-02-19,6091,7,0.12
12,2014-02-19,5995,5,0.08
13,2014-02-19,5858,8,0.14
14,2014-02-19,3388,3,0.09
15,2014-02-19,5100,-4,-0.08
16,2014-02-19,5296,7,0.13
17,2014-02-19,5401,1,0.02
18,2014-02-19,5909,3,0.05
19,2014-02-19,4269,-9,-0.21
20,2014-02-19,4035,-9,-0.22
21,2014-02-19,5209,2,0.04
1,2014-02-18,6857,2,0.03
2,2014-02-18,4418,-3,-0.07
3,2014-02-18,4577,-2,-0.04
6,2014-02-18,5573,-3,-0.05
7,2014-02-18,3914,1,0.03
8,2014-02-18,3742,-7,-0.19
9,2014-02-18,4252,1,0.02
10,2014-02-18,3506,-5,-0.14
11,2014-02-18,6084,-3,-0.05
12,2014-02-18,5990,8,0.13
13,2014-02-18,5850,10,0.17
14,2014-02-18,3385,-3,-0.09
15,2014-02-18,5104,8,0.16
16,2014-02-18,5289,-5,-0.09
17,2014-02-18,5400,-7,-0.13
18,2014-02-18,5906,0,0
19,2014-02-18,4278,-1,-0.02
20,2014-02-18,4044,-2,-0.05
21,2014-02-18,5207,10,0.19
1,2014-02-17,6855,-8,-0.12
2,2014-02-17,4421,-9,-0.2
3,2014-02-17,4579,-3,-0.07
6,2014-02-17,5576,7,0.13
7,2014-02-17,3913,-2,-0.05
8,2014-02-17,3749,-4,-0.11
9,2014-02-17,4251,2,0.05
10,2014-02-17,3511,-7,-0.2
11,2014-02-17,6087,7,0.12
12,2014-02-17,5982,-2,-0.03
13,2014-02-17,5840,-4,-0.07
14,2014-02-17,3388,6,0.18
15,2014-02-17,5096,7,0.14
16,2014-02-17,5294,7,0.13
17,2014-02-17,5407,9,0.17
18,2014-02-17,5906,0,0
19,2014-02-17,4279,-6,-0.14
20,2014-02-17,4046,3,0.07
21,2014-02-17,5197,-4,-0.08
1,2014-02-16,6863,-5,-0.07
2,2014-02-16,4430,2,0.05
3,2014-02-16,4582,4,0.09
6,2014-02-16,5569,6,0.11
7,2014-02-16,3915,-10,-0.25
8,2014-02-16,3753,-2,-0.05
9,2014-02-16,4249,5,0.12
10,2014-02-16,3518,5,0.14
11,2014-02-16,6080,9,0.15
12,2014-02-16,5984,-1,-0.02
13,2014-02-16,5844,-2,-0.03
14,2014-02-16,3382,10,0.3
15,2014-02-16,5089,5,0.1
16,2014-02-16,5287,-8,-0.15
17,2014-02-16,5398,1,0.02
18,2014-02-16,5906,0,0
19,2014-02-16,4285,-5,-0.12
20,2014-02-16,4043,-10,-0.25
21,2014-02-16,5201,8,0.15
1,2014-02-15,6868,8,0.12
2,2014-02-15,4428,-10,-0.23
3,2014-02-15,4578,5,0.11
6,2014-02-15,5563,7,0.13
7,2014-02-15,3925,2,0.05
8,2014-02-15,3755,9,0.24
9,2014-02-15,4244,4,0.09
10,2014-02-15,3513,6,0.17
11,2014-02-15,6071,10,0.16
12,2014-02-15,5985,-3,-0.05
13,2014-02-15,5846,9,0.15
14,2014-02-15,3372,4,0.12
15,2014-02-15,5084,-4,-0.08
16,2014-02-15,5295,0,0
17,2014-02-15,5397,-7,-0.13
18,2014-02-15,5906,4,0.07
19,2014-02-15,4290,-4,-0.09
20,2014-02-15,4053,10,0.25
21,2014-02-15,5193,-5,-0.1
1,2014-02-14,6860,1,0.01
2,2014-02-14,4438,6,0.14
3,2014-02-14,4573,6,0.13
6,2014-02-14,5556,-8,-0.14
7,2014-02-14,3923,-4,-0.1
8,2014-02-14,3746,-7,-0.19
9,2014-02-14,4240,-1,-0.02
10,2014-02-14,3507,1,0.03
11,2014-02-14,6061,-1,-0.02
12,2014-02-14,5988,-5,-0.08
13,2014-02-14,5837,-3,-0.05
14,2014-02-14,3368,-4,-0.12
15,2014-02-14,5088,-4,-0.08
16,2014-02-14,5295,5,0.09
17,2014-02-14,5404,5,0.09
18,2014-02-14,5902,-3,-0.05
19,2014-02-14,4294,6,0.14
20,2014-02-14,4043,2,0.05
21,2014-02-14,5198,1,0.02
1,2014-02-13,6859,0,0
2,2014-02-13,4432,-3,-0.07
3,2014-02-13,4567,-10,-0.22
6,2014-02-13,5564,4,0.07
7,2014-02-13,3927,-4,-0.1
8,2014-02-13,3753,7,0.19
9,2014-02-13,4241,1,0.02
10,2014-02-13,3506,9,0.26
11,2014-02-13,6062,-9,-0.15
12,2014-02-13,5993,-9,-0.15
13,2014-02-13,5840,5,0.09
14,2014-02-13,3372,-1,-0.03
15,2014-02-13,5092,-6,-0.12
16,2014-02-13,5290,10,0.19
17,2014-02-13,5399,-3,-0.06
18,2014-02-13,5905,-10,-0.17
19,2014-02-13,4288,10,0.23
20,2014-02-13,4041,7,0.17
21,2014-02-13,5197,9,0.17
1,2014-02-12,6859,9,0.13
2,2014-02-12,4435,-6,-0.14
3,2014-02-12,4577,-5,-0.11
6,2014-02-12,5560,9,0.16
7,2014-02-12,3931,5,0.13
8,2014-02-12,3746,-4,-0.11
9,2014-02-12,4240,-5,-0.12
10,2014-02-12,3497,-6,-0.17
11,2014-02-12,6071,2,0.03
12,2014-02-12,6002,3,0.05
13,2014-02-12,5835,-3,-0.05
14,2014-02-12,3373,6,0.18
15,2014-02-12,5098,1,0.02
16,2014-02-12,5280,0,0
17,2014-02-12,5402,-7,-0.13
18,2014-02-12,5915,2,0.03
19,2014-02-12,4278,-10,-0.23
20,2014-02-12,4034,6,0.15
21,2014-02-12,5188,0,0
1,2014-02-11,6850,1,0.01
2,2014-02-11,4441,4,0.09
3,2014-02-11,4582,8,0.17
6,2014-02-11,5551,9,0.16
7,2014-02-11,3926,9,0.23
8,2014-02-11,3750,3,0.08
9,2014-02-11,4245,7,0.17
10,2014-02-11,3503,-10,-0.28
11,2014-02-11,6069,9,0.15
12,2014-02-11,5999,-6,-0.1
13,2014-02-11,5838,8,0.14
14,2014-02-11,3367,-5,-0.15
15,2014-02-11,5097,-4,-0.08
16,2014-02-11,5280,0,0
17,2014-02-11,5409,-6,-0.11
18,2014-02-11,5913,-9,-0.15
19,2014-02-11,4288,-1,-0.02
20,2014-02-11,4028,0,0
21,2014-02-11,5188,6,0.12
1,2014-02-10,6849,8,0.12
2,2014-02-10,4437,-3,-0.07
3,2014-02-10,4574,-1,-0.02
6,2014-02-10,5542,0,0
7,2014-02-10,3917,-10,-0.25
8,2014-02-10,3747,9,0.24
9,2014-02-10,4238,1,0.02
10,2014-02-10,3513,-5,-0.14
11,2014-02-10,6060,9,0.15
12,2014-02-10,6005,-3,-0.05
13,2014-02-10,5830,-8,-0.14
14,2014-02-10,3372,6,0.18
15,2014-02-10,5101,8,0.16
16,2014-02-10,5280,-7,-0.13
17,2014-02-10,5415,7,0.13
18,2014-02-10,5922,6,0.1
19,2014-02-10,4289,-3,-0.07
20,2014-02-10,4028,-4,-0.1
21,2014-02-10,5182,3,0.06
1,2014-02-09,6841,5,0.07
2,2014-02-09,4440,-5,-0.11
3,2014-02-09,4575,1,0.02
6,2014-02-09,5542,10,0.18
7,2014-02-09,3927,-5,-0.13
8,2014-02-09,3738,8,0.21
9,2014-02-09,4237,4,0.09
10,2014-02-09,3518,-7,-0.2
11,2014-02-09,6051,-1,-0.02
12,2014-02-09,6008,-7,-0.12
13,2014-02-09,5838,8,0.14
14,2014-02-09,3366,3,0.09
15,2014-02-09,5093,6,0.12
16,2014-02-09,5287,10,0.19
17,2014-02-09,5408,-2,-0.04
18,2014-02-09,5916,1,0.02
19,2014-02-09,4292,-2,-0.05
20,2014-02-09,4032,-4,-0.1
21,2014-02-09,5179,-1,-0.02
1,2014-02-08,6836,1,0.01
2,2014-02-08,4445,-7,-0.16
3,2014-02-08,4574,8,0.18
6,2014-02-08,5532,5,0.09
7,2014-02-08,3932,-8,-0.2
8,2014-02-08,3730,9,0.24
9,2014-02-08,4233,-4,-0.09
10,2014-02-08,3525,1,0.03
11,2014-02-08,6052,-9,-0.15
12,2014-02-08,6015,7,0.12
13,2014-02-08,5830,2,0.03
14,2014-02-08,3363,2,0.06
15,2014-02-08,5087,-7,-0.14
16,2014-02-08,5277,2,0.04
17,2014-02-08,5410,-2,-0.04
18,2014-02-08,5915,9,0.15
19,2014-02-08,4294,-4,-0.09
20,2014-02-08,4036,-4,-0.1
21,2014-02-08,5180,9,0.17
1,2014-02-07,6835,10,0.15
2,2014-02-07,4452,3,0.07
3,2014-02-07,4566,6,0.13
6,2014-02-07,5527,7,0.13
7,2014-02-07,3940,2,0.05
8,2014-02-07,3721,-5,-0.13
9,2014-02-07,4237,6,0.14
10,2014-02-07,3524,6,0.17
11,2014-02-07,6061,-2,-0.03
12,2014-02-07,6008,1,0.02
13,2014-02-07,5828,7,0.12
14,2014-02-07,3361,0,0
15,2014-02-07,5094,9,0.18
16,2014-02-07,5275,-5,-0.09
17,2014-02-07,5412,9,0.17
18,2014-02-07,5906,-3,-0.05
19,2014-02-07,4298,-9,-0.21
20,2014-02-07,4040,-2,-0.05
21,2014-02-07,5171,6,0.12
1,2014-02-06,6825,3,0.04
2,2014-02-06,4449,5,0.11
3,2014-02-06,4560,6,0.13
6,2014-02-06,5520,9,0.16
7,2014-02-06,3938,2,0.05
8,2014-02-06,3726,-7,-0.19
9,2014-02-06,4231,4,0.09
10,2014-02-06,3518,4,0.11
11,2014-02-06,6063,2,0.03
12,2014-02-06,6007,4,0.07
13,2014-02-06,5821,-7,-0.12
14,2014-02-06,3361,-1,-0.03
15,2014-02-06,5085,2,0.04
16,2014-02-06,5280,5,0.09
17,2014-02-06,5403,-7,-0.13
18,2014-02-06,5909,-5,-0.08
19,2014-02-06,4307,-10,-0.23
20,2014-02-06,4042,8,0.2
21,2014-02-06,5165,6,0.12
1,2014-02-05,6822,0,0
2,2014-02-05,4444,7,0.16
3,2014-02-05,4554,0,0
6,2014-02-05,5511,8,0.15
7,2014-02-05,3936,2,0.05
8,2014-02-05,3733,-1,-0.03
9,2014-02-05,4227,-7,-0.17
10,2014-02-05,3514,-8,-0.23
11,2014-02-05,6061,7,0.12
12,2014-02-05,6003,3,0.05
13,2014-02-05,5828,-7,-0.12
14,2014-02-05,3362,-9,-0.27
15,2014-02-05,5083,-4,-0.08
16,2014-02-05,5275,4,0.08
17,2014-02-05,5410,4,0.07
18,2014-02-05,5914,9,0.15
19,2014-02-05,4317,10,0.23
20,2014-02-05,4034,-8,-0.2
21,2014-02-05,5159,0,0
1,2014-02-04,6822,-7,-0.1
2,2014-02-04,4437,10,0.23
3,2014-02-04,4554,4,0.09
6,2014-02-04,5503,-3,-0.05
7,2014-02-04,3934,-8,-0.2
8,2014-02-04,3734,10,0.27
9,2014-02-04,4234,-6,-0.14
10,2014-02-04,3522,1,0.03
11,2014-02-04,6054,2,0.03
12,2014-02-04,6000,6,0.1
13,2014-02-04,5835,2,0.03
14,2014-02-04,3371,-1,-0.03
15,2014-02-04,5087,0,0
16,2014-02-04,5271,-8,-0.15
17,2014-02-04,5406,5,0.09
18,2014-02-04,5905,-4,-0.07
19,2014-02-04,4307,10,0.23
20,2014-02-04,4042,5,0.12
21,2014-02-04,5159,5,0.1
1,2014-02-03,6829,2,0.03
2,2014-02-03,4427,9,0.2
3,2014-02-03,4550,1,0.02
6,2014-02-03,5506,3,0.05
7,2014-02-03,3942,-2,-0.05
8,2014-02-03,3724,-9,-0.24
9,2014-02-03,4240,4,0.09
10,2014-02-03,3521,6,0.17
11,2014-02-03,6052,-9,-0.15
12,2014-02-03,5994,7,0.12
13,2014-02-03,5833,0,0
14,2014-02-03,3372,6,0.18
15,2014-02-03,5087,-1,-0.02
16,2014-02-03,5279,-10,-0.19
17,2014-02-03,5401,3,0.06
18,2014-02-03,5909,-1,-0.02
19,2014-02-03,4297,-5,-0.12
20,2014-02-03,4037,10,0.25
21,2014-02-03,5154,4,0.08
1,2014-02-02,6827,-3,-0.04
2,2014-02-02,4418,8,0.18
3,2014-02-02,4549,-6,-0.13
6,2014-02-02,5503,-4,-0.07
7,2014-02-02,3944,1,0.03
8,2014-02-02,3733,2,0.05
9,2014-02-02,4236,-9,-0.21
10,2014-02-02,3515,10,0.29
11,2014-02-02,6061,-4,-0.07
12,2014-02-02,5987,-7,-0.12
13,2014-02-02,5833,4,0.07
14,2014-02-02,3366,2,0.06
15,2014-02-02,5088,-3,-0.06
16,2014-02-02,5289,1,0.02
17,2014-02-02,5398,-2,-0.04
18,2014-02-02,5910,-7,-0.12
19,2014-02-02,4302,2,0.05
20,2014-02-02,4027,-3,-0.07
21,2014-02-02,5150,10,0.19
1,2014-02-01,6830,8,0.12
2,2014-02-01,4410,-2,-0.05
3,2014-02-01,4555,10,0.22
6,2014-02-01,5507,0,0
7,2014-02-01,3943,0,0
8,2014-02-01,3731,6,0.16
9,2014-02-01,4245,5,0.12
10,2014-02-01,3505,3,0.09
11,2014-02-01,6065,-7,-0.12
12,2014-02-01,5994,6,0.1
13,2014-02-01,5829,-10,-0.17
14,2014-02-01,3364,2,0.06
15,2014-02-01,5091,9,0.18
16,2014-02-01,5288,8,0.15
17,2014-02-01,5400,-7,-0.13
18,2014-02-01,5917,10,0.17
19,2014-02-01,4300,-1,-0.02
20,2014-02-01,4030,-7,-0.17
21,2014-02-01,5140,2,0.04
1,2014-01-31,6822,1,0.01
2,2014-01-31,4412,1,0.02
3,2014-01-31,4545,-1,-0.02
6,2014-01-31,5507,5,0.09
7,2014-01-31,3943,-8,-0.2
8,2014-01-31,3725,3,0.08
9,2014-01-31,4240,7,0.17
10,2014-01-31,3502,-10,-0.28
11,2014-01-31,6072,-8,-0.13
12,2014-01-31,5988,-8,-0.13
13,2014-01-31,5839,-7,-0.12
14,2014-01-31,3362,-10,-0.3
15,2014-01-31,5082,-3,-0.06
16,2014-01-31,5280,7,0.13
17,2014-01-31,5407,2,0.04
18,2014-01-31,5907,0,0
19,2014-01-31,4301,-5,-0.12
20,2014-01-31,4037,5,0.12
21,2014-01-31,5138,4,0.08
1,2014-01-30,6821,10,0.15
2,2014-01-30,4411,2,0.05
3,2014-01-30,4546,-8,-0.18
6,2014-01-30,5502,9,0.16
7,2014-01-30,3951,10,0.25
8,2014-01-30,3722,-9,-0.24
9,2014-01-30,4233,1,0.02
10,2014-01-30,3512,-3,-0.09
11,2014-01-30,6080,5,0.08
12,2014-01-30,5996,9,0.15
13,2014-01-30,5846,-9,-0.15
14,2014-01-30,3372,-2,-0.06
15,2014-01-30,5085,0,0
16,2014-01-30,5273,-7,-0.13
17,2014-01-30,5405,1,0.02
18,2014-01-30,5907,4,0.07
19,2014-01-30,4306,0,0
20,2014-01-30,4032,4,0.1
21,2014-01-30,5134,10,0.2
1,2014-01-29,6811,-5,-0.07
2,2014-01-29,4409,10,0.23
3,2014-01-29,4554,7,0.15
6,2014-01-29,5493,-9,-0.16
7,2014-01-29,3941,-7,-0.18
8,2014-01-29,3731,6,0.16
9,2014-01-29,4232,10,0.24
10,2014-01-29,3515,7,0.2
11,2014-01-29,6075,-6,-0.1
12,2014-01-29,5987,3,0.05
13,2014-01-29,5855,4,0.07
14,2014-01-29,3374,3,0.09
15,2014-01-29,5085,2,0.04
16,2014-01-29,5280,0,0
17,2014-01-29,5404,-10,-0.18
18,2014-01-29,5903,6,0.1
19,2014-01-29,4306,-3,-0.07
20,2014-01-29,4028,3,0.07
21,2014-01-29,5124,8,0.16
1,2014-01-28,6816,4,0.06
2,2014-01-28,4399,-9,-0.2
3,2014-01-28,4547,-10,-0.22
6,2014-01-28,5502,7,0.13
7,2014-01-28,3948,-3,-0.08
8,2014-01-28,3725,-6,-0.16
9,2014-01-28,4222,0,0
10,2014-01-28,3508,-1,-0.03
11,2014-01-28,6081,-2,-0.03
12,2014-01-28,5984,9,0.15
13,2014-01-28,5851,-1,-0.02
14,2014-01-28,3371,-10,-0.3
15,2014-01-28,5083,-5,-0.1
16,2014-01-28,5280,-6,-0.11
17,2014-01-28,5414,-9,-0.17
18,2014-01-28,5897,-10,-0.17
19,2014-01-28,4309,-2,-0.05
20,2014-01-28,4025,-8,-0.2
21,2014-01-28,5116,-4,-0.08
1,2014-01-27,6812,-10,-0.15
2,2014-01-27,4408,-5,-0.11
3,2014-01-27,4557,2,0.04
6,2014-01-27,5495,7,0.13
7,2014-01-27,3951,-4,-0.1
8,2014-01-27,3731,-3,-0.08
9,2014-01-27,4222,-7,-0.17
10,2014-01-27,3509,10,0.29
11,2014-01-27,6083,6,0.1
12,2014-01-27,5975,5,0.08
13,2014-01-27,5852,-8,-0.14
14,2014-01-27,3381,0,0
15,2014-01-27,5088,-6,-0.12
16,2014-01-27,5286,2,0.04
17,2014-01-27,5423,6,0.11
18,2014-01-27,5907,4,0.07
19,2014-01-27,4311,6,0.14
20,2014-01-27,4033,9,0.22
21,2014-01-27,5120,0,0
1,2014-01-26,6822,5,0.07
2,2014-01-26,4413,1,0.02
3,2014-01-26,4555,-1,-0.02
6,2014-01-26,5488,4,0.07
7,2014-01-26,3955,4,0.1
8,2014-01-26,3734,10,0.27
9,2014-01-26,4229,4,0.09
10,2014-01-26,3499,9,0.26
11,2014-01-26,6077,2,0.03
12,2014-01-26,5970,8,0.13
13,2014-01-26,5860,-10,-0.17
14,2014-01-26,3381,6,0.18
15,2014-01-26,5094,6,0.12
16,2014-01-26,5284,8,0.15
17,2014-01-26,5417,-3,-0.06
18,2014-01-26,5903,10,0.17
19,2014-01-26,4305,-7,-0.16
20,2014-01-26,4024,-6,-0.15
21,2014-01-26,5120,4,0.08
1,2014-01-25,6817,10,0.15
2,2014-01-25,4412,-4,-0.09
3,2014-01-25,4556,0,0
6,2014-01-25,5484,6,0.11
7,2014-01-25,3951,3,0.08
8,2014-01-25,3724,5,0.13
9,2014-01-25,4225,-2,-0.05
10,2014-01-25,3490,-9,-0.26
11,2014-01-25,6075,7,0.12
12,2014-01-25,5962,-3,-0.05
13,2014-01-25,5870,-4,-0.07
14,2014-01-25,3375,0,0
15,2014-01-25,5088,-8,-0.16
16,2014-01-25,5276,10,0.19
17,2014-01-25,5420,0,0
18,2014-01-25,5893,9,0.15
19,2014-01-25,4312,-8,-0.19
20,2014-01-25,4030,-9,-0.22
21,2014-01-25,5116,9,0.18
1,2014-01-24,6807,-1,-0.01
2,2014-01-24,4416,-1,-0.02
3,2014-01-24,4556,-10,-0.22
6,2014-01-24,5478,2,0.04
7,2014-01-24,3948,-7,-0.18
8,2014-01-24,3719,2,0.05
9,2014-01-24,4227,-4,-0.09
10,2014-01-24,3499,4,0.11
11,2014-01-24,6068,-3,-0.05
12,2014-01-24,5965,5,0.08
13,2014-01-24,5874,-7,-0.12
14,2014-01-24,3375,-6,-0.18
15,2014-01-24,5096,-9,-0.18
16,2014-01-24,5266,-9,-0.17
17,2014-01-24,5420,-10,-0.18
18,2014-01-24,5884,4,0.07
19,2014-01-24,4320,0,0
20,2014-01-24,4039,-4,-0.1
21,2014-01-24,5107,-8,-0.16
1,2014-01-23,6808,1,0.01
2,2014-01-23,4417,-6,-0.14
3,2014-01-23,4566,1,0.02
6,2014-01-23,5476,-2,-0.04
7,2014-01-23,3955,0,0
8,2014-01-23,3717,7,0.19
9,2014-01-23,4231,2,0.05
10,2014-01-23,3495,-4,-0.11
11,2014-01-23,6071,-3,-0.05
12,2014-01-23,5960,3,0.05
13,2014-01-23,5881,-5,-0.08
14,2014-01-23,3381,-7,-0.21
15,2014-01-23,5105,-2,-0.04
16,2014-01-23,5275,-2,-0.04
17,2014-01-23,5430,-1,-0.02
18,2014-01-23,5880,9,0.15
19,2014-01-23,4320,8,0.19
20,2014-01-23,4043,-10,-0.25
21,2014-01-23,5115,9,0.18
1,2014-01-22,6807,-5,-0.07
2,2014-01-22,4423,8,0.18
3,2014-01-22,4565,4,0.09
6,2014-01-22,5478,3,0.05
7,2014-01-22,3955,1,0.03
8,2014-01-22,3710,-9,-0.24
9,2014-01-22,4229,8,0.19
10,2014-01-22,3499,4,0.11
11,2014-01-22,6074,-3,-0.05
12,2014-01-22,5957,1,0.02
13,2014-01-22,5886,1,0.02
14,2014-01-22,3388,-2,-0.06
15,2014-01-22,5107,-2,-0.04
16,2014-01-22,5277,10,0.19
17,2014-01-22,5431,0,0
18,2014-01-22,5871,-4,-0.07
19,2014-01-22,4312,-7,-0.16
20,2014-01-22,4053,-7,-0.17
21,2014-01-22,5106,-9,-0.18
1,2014-01-21,6812,3,0.04
2,2014-01-21,4415,5,0.11
3,2014-01-21,4561,-10,-0.22
6,2014-01-21,5475,10,0.18
7,2014-01-21,3954,3,0.08
8,2014-01-21,3719,-3,-0.08
9,2014-01-21,4221,-2,-0.05
10,2014-01-21,3495,2,0.06
11,2014-01-21,6077,7,0.12
12,2014-01-21,5956,-8,-0.13
13,2014-01-21,5885,9,0.15
14,2014-01-21,3390,-7,-0.21
15,2014-01-21,5109,-9,-0.18
16,2014-01-21,5267,9,0.17
17,2014-01-21,5431,-1,-0.02
18,2014-01-21,5875,6,0.1
19,2014-01-21,4319,-2,-0.05
20,2014-01-21,4060,-8,-0.2
21,2014-01-21,5115,7,0.14
1,2014-01-20,6809,3,0.04
2,2014-01-20,4410,4,0.09
3,2014-01-20,4571,8,0.18
6,2014-01-20,5465,5,0.09
7,2014-01-20,3951,-1,-0.03
8,2014-01-20,3722,-9,-0.24
9,2014-01-20,4223,-3,-0.07
10,2014-01-20,3493,7,0.2
11,2014-01-20,6070,6,0.1
12,2014-01-20,5964,10,0.17
13,2014-01-20,5876,8,0.14
14,2014-01-20,3397,-9,-0.26
15,2014-01-20,5118,-6,-0.12
16,2014-01-20,5258,9,0.17
17,2014-01-20,5432,9,0.17
18,2014-01-20,5869,0,0
19,2014-01-20,4321,-6,-0.14
20,2014-01-20,4068,-10,-0.25
21,2014-01-20,5108,9,0.18
1,2014-01-19,6806,4,0.06
2,2014-01-19,4406,-9,-0.2
3,2014-01-19,4563,0,0
6,2014-01-19,5460,-10,-0.18
7,2014-01-19,3952,5,0.13
8,2014-01-19,3731,-4,-0.11
9,2014-01-19,4226,0,0
10,2014-01-19,3486,10,0.29
11,2014-01-19,6064,-6,-0.1
12,2014-01-19,5954,10,0.17
13,2014-01-19,5868,4,0.07
14,2014-01-19,3406,-10,-0.29
15,2014-01-19,5124,-7,-0.14
16,2014-01-19,5249,-10,-0.19
17,2014-01-19,5423,5,0.09
18,2014-01-19,5869,8,0.14
19,2014-01-19,4327,-9,-0.21
20,2014-01-19,4078,8,0.2
21,2014-01-19,5099,3,0.06
1,2014-01-18,6802,-1,-0.01
2,2014-01-18,4415,-8,-0.18
3,2014-01-18,4563,2,0.04
6,2014-01-18,5470,0,0
7,2014-01-18,3947,-8,-0.2
8,2014-01-18,3735,-7,-0.19
9,2014-01-18,4226,6,0.14
10,2014-01-18,3476,-2,-0.06
11,2014-01-18,6070,6,0.1
12,2014-01-18,5944,-9,-0.15
13,2014-01-18,5864,-5,-0.09
14,2014-01-18,3416,1,0.03
15,2014-01-18,5131,-2,-0.04
16,2014-01-18,5259,-4,-0.08
17,2014-01-18,5418,2,0.04
18,2014-01-18,5861,-9,-0.15
19,2014-01-18,4336,-8,-0.18
20,2014-01-18,4070,-5,-0.12
21,2014-01-18,5096,3,0.06
1,2014-01-17,6803,2,0.03
2,2014-01-17,4423,-9,-0.2
3,2014-01-17,4561,-3,-0.07
6,2014-01-17,5470,9,0.16
7,2014-01-17,3955,6,0.15
8,2014-01-17,3742,1,0.03
9,2014-01-17,4220,3,0.07
10,2014-01-17,3478,0,0
11,2014-01-17,6064,-6,-0.1
12,2014-01-17,5953,8,0.13
13,2014-01-17,5869,-4,-0.07
14,2014-01-17,3415,6,0.18
15,2014-01-17,5133,-8,-0.16
16,2014-01-17,5263,4,0.08
17,2014-01-17,5416,8,0.15
18,2014-01-17,5870,-4,-0.07
19,2014-01-17,4344,-7,-0.16
20,2014-01-17,4075,5,0.12
21,2014-01-17,5093,0,0
1,2014-01-16,6801,4,0.06
2,2014-01-16,4432,-4,-0.09
3,2014-01-16,4564,-3,-0.07
6,2014-01-16,5461,8,0.15
7,2014-01-16,3949,1,0.03
8,2014-01-16,3741,3,0.08
9,2014-01-16,4217,9,0.21
10,2014-01-16,3478,2,0.06
11,2014-01-16,6070,-9,-0.15
12,2014-01-16,5945,-10,-0.17
13,2014-01-16,5873,-7,-0.12
14,2014-01-16,3409,-1,-0.03
15,2014-01-16,5141,3,0.06
16,2014-01-16,5259,-4,-0.08
17,2014-01-16,5408,-5,-0.09
18,2014-01-16,5874,-9,-0.15
19,2014-01-16,4351,-2,-0.05
20,2014-01-16,4070,8,0.2
21,2014-01-16,5093,-10,-0.2
1,2014-01-15,6797,9,0.13
2,2014-01-15,4436,0,0
3,2014-01-15,4567,3,0.07
6,2014-01-15,5453,-1,-0.02
7,2014-01-15,3948,-7,-0.18
8,2014-01-15,3738,8,0.21
9,2014-01-15,4208,-10,-0.24
10,2014-01-15,3476,-3,-0.09
11,2014-01-15,6079,9,0.15
12,2014-01-15,5955,9,0.15
13,2014-01-15,5880,8,0.14
14,2014-01-15,3410,-3,-0.09
15,2014-01-15,5138,-7,-0.14
16,2014-01-15,5263,-5,-0.09
17,2014-01-15,5413,-9,-0.17
18,2014-01-15,5883,2,0.03
19,2014-01-15,4353,-10,-0.23
20,2014-01-15,4062,-2,-0.05
21,2014-01-15,5103,-4,-0.08
1,2014-01-14,6788,-1,-0.01
2,2014-01-14,4436,3,0.07
3,2014-01-14,4564,-4,-0.09
6,2014-01-14,5454,5,0.09
7,2014-01-14,3955,4,0.1
8,2014-01-14,3730,-2,-0.05
9,2014-01-14,4218,-4,-0.09
10,2014-01-14,3479,-8,-0.23
11,2014-01-14,6070,-8,-0.13
12,2014-01-14,5946,-6,-0.1
13,2014-01-14,5872,-2,-0.03
14,2014-01-14,3413,-3,-0.09
15,2014-01-14,5145,-4,-0.08
16,2014-01-14,5268,-1,-0.02
17,2014-01-14,5422,2,0.04
18,2014-01-14,5881,8,0.14
19,2014-01-14,4363,6,0.14
20,2014-01-14,4064,-10,-0.25
21,2014-01-14,5107,2,0.04
1,2014-01-13,6789,-9,-0.13
2,2014-01-13,4433,-3,-0.07
3,2014-01-13,4568,7,0.15
6,2014-01-13,5449,-2,-0.04
7,2014-01-13,3951,-2,-0.05
8,2014-01-13,3732,2,0.05
9,2014-01-13,4222,8,0.19
10,2014-01-13,3487,-7,-0.2
11,2014-01-13,6078,-4,-0.07
12,2014-01-13,5952,5,0.08
13,2014-01-13,5874,8,0.14
14,2014-01-13,3416,-7,-0.2
15,2014-01-13,5149,9,0.18
16,2014-01-13,5269,2,0.04
17,2014-01-13,5420,-2,-0.04
18,2014-01-13,5873,-1,-0.02
19,2014-01-13,4357,-5,-0.11
20,2014-01-13,4074,0,0
21,2014-01-13,5105,-8,-0.16
1,2014-01-12,6798,7,0.1
2,2014-01-12,4436,1,0.02
3,2014-01-12,4561,-9,-0.2
6,2014-01-12,5451,9,0.17
7,2014-01-12,3953,-3,-0.08
8,2014-01-12,3730,-10,-0.27
9,2014-01-12,4214,-8,-0.19
10,2014-01-12,3494,-7,-0.2
11,2014-01-12,6082,-1,-0.02
12,2014-01-12,5947,2,0.03
13,2014-01-12,5866,-9,-0.15
14,2014-01-12,3423,0,0
15,2014-01-12,5140,7,0.14
16,2014-01-12,5267,1,0.02
17,2014-01-12,5422,-7,-0.13
18,2014-01-12,5874,2,0.03
19,2014-01-12,4362,2,0.05
20,2014-01-12,4074,-8,-0.2
21,2014-01-12,5113,-4,-0.08
1,2014-01-11,6791,4,0.06
2,2014-01-11,4435,1,0.02
3,2014-01-11,4570,6,0.13
6,2014-01-11,5442,6,0.11
7,2014-01-11,3956,-3,-0.08
8,2014-01-11,3740,8,0.21
9,2014-01-11,4222,-5,-0.12
10,2014-01-11,3501,-5,-0.14
11,2014-01-11,6083,-4,-0.07
12,2014-01-11,5945,-8,-0.13
13,2014-01-11,5875,-4,-0.07
14,2014-01-11,3423,-6,-0.17
15,2014-01-11,5133,3,0.06
16,2014-01-11,5266,6,0.11
17,2014-01-11,5429,-6,-0.11
18,2014-01-11,5872,-3,-0.05
19,2014-01-11,4360,-1,-0.02
20,2014-01-11,4082,7,0.17
21,2014-01-11,5117,-3,-0.06
1,2014-01-10,6787,8,0.12
2,2014-01-10,4434,0,0
3,2014-01-10,4564,4,0.09
6,2014-01-10,5436,-6,-0.11
7,2014-01-10,3959,-1,-0.03
8,2014-01-10,3732,10,0.27
9,2014-01-10,4227,-3,-0.07
10,2014-01-10,3506,-2,-0.06
11,2014-01-10,6087,6,0.1
12,2014-01-10,5953,-6,-0.1
13,2014-01-10,5879,-1,-0.02
14,2014-01-10,3429,-2,-0.06
15,2014-01-10,5130,-1,-0.02
16,2014-01-10,5260,4,0.08
17,2014-01-10,5435,-6,-0.11
18,2014-01-10,5875,10,0.17
19,2014-01-10,4361,-6,-0.14
20,2014-01-10,4075,-10,-0.24
21,2014-01-10,5120,-10,-0.19
1,2014-01-09,6779,-6,-0.09
2,2014-01-09,4434,-1,-0.02
3,2014-01-09,4560,-10,-0.22
6,2014-01-09,5442,-6,-0.11
7,2014-01-09,3960,8,0.2
8,2014-01-09,3722,9,0.24
9,2014-01-09,4230,-8,-0.19
10,2014-01-09,3508,-2,-0.06
11,2014-01-09,6081,10,0.16
12,2014-01-09,5959,-7,-0.12
13,2014-01-09,5880,-5,-0.08
14,2014-01-09,3431,-4,-0.12
15,2014-01-09,5131,4,0.08
16,2014-01-09,5256,7,0.13
17,2014-01-09,5441,-6,-0.11
18,2014-01-09,5865,6,0.1
19,2014-01-09,4367,-3,-0.07
20,2014-01-09,4085,3,0.07
21,2014-01-09,5130,7,0.14
1,2014-01-08,6785,8,0.12
2,2014-01-08,4435,-2,-0.05
3,2014-01-08,4570,-7,-0.15
6,2014-01-08,5448,0,0
7,2014-01-08,3952,9,0.23
8,2014-01-08,3713,8,0.22
9,2014-01-08,4238,-4,-0.09
10,2014-01-08,3510,2,0.06
11,2014-01-08,6071,2,0.03
12,2014-01-08,5966,6,0.1
13,2014-01-08,5885,-1,-0.02
14,2014-01-08,3435,-3,-0.09
15,2014-01-08,5127,4,0.08
16,2014-01-08,5249,-4,-0.08
17,2014-01-08,5447,7,0.13
18,2014-01-08,5859,-8,-0.14
19,2014-01-08,4370,1,0.02
20,2014-01-08,4082,1,0.02
21,2014-01-08,5123,-5,-0.1
1,2014-01-07,6777,-4,-0.06
2,2014-01-07,4437,2,0.05
3,2014-01-07,4577,9,0.2
6,2014-01-07,5448,9,0.17
7,2014-01-07,3943,-10,-0.25
8,2014-01-07,3705,-4,-0.11
9,2014-01-07,4242,1,0.02
10,2014-01-07,3508,2,0.06
11,2014-01-07,6069,10,0.17
12,2014-01-07,5960,-6,-0.1
13,2014-01-07,5886,-5,-0.08
14,2014-01-07,3438,5,0.15
15,2014-01-07,5123,-3,-0.06
16,2014-01-07,5253,-5,-0.1
17,2014-01-07,5440,-2,-0.04
18,2014-01-07,5867,-3,-0.05
19,2014-01-07,4369,-6,-0.14
20,2014-01-07,4081,1,0.02
21,2014-01-07,5128,9,0.18
1,2014-01-06,6781,-4,-0.06
2,2014-01-06,4435,3,0.07
3,2014-01-06,4568,0,0
6,2014-01-06,5439,1,0.02
7,2014-01-06,3953,-7,-0.18
8,2014-01-06,3709,-6,-0.16
9,2014-01-06,4241,7,0.17
10,2014-01-06,3506,0,0
11,2014-01-06,6059,-6,-0.1
12,2014-01-06,5966,8,0.13
13,2014-01-06,5891,-10,-0.17
14,2014-01-06,3433,-2,-0.06
15,2014-01-06,5126,1,0.02
16,2014-01-06,5258,4,0.08
17,2014-01-06,5442,0,0
18,2014-01-06,5870,-8,-0.14
19,2014-01-06,4375,4,0.09
20,2014-01-06,4080,4,0.1
21,2014-01-06,5119,7,0.14
1,2014-01-05,6785,4,0.06
2,2014-01-05,4432,-4,-0.09
3,2014-01-05,4568,7,0.15
6,2014-01-05,5438,0,0
7,2014-01-05,3960,6,0.15
8,2014-01-05,3715,2,0.05
9,2014-01-05,4234,-6,-0.14
10,2014-01-05,3506,9,0.26
11,2014-01-05,6065,-3,-0.05
12,2014-01-05,5958,8,0.13
13,2014-01-05,5901,-10,-0.17
14,2014-01-05,3435,-8,-0.23
15,2014-01-05,5125,-5,-0.1
16,2014-01-05,5254,7,0.13
17,2014-01-05,5442,-3,-0.06
18,2014-01-05,5878,5,0.09
19,2014-01-05,4371,-8,-0.18
20,2014-01-05,4076,8,0.2
21,2014-01-05,5112,9,0.18
1,2014-01-04,6781,-5,-0.07
2,2014-01-04,4436,6,0.14
3,2014-01-04,4561,-10,-0.22
6,2014-01-04,5438,8,0.15
7,2014-01-04,3954,-2,-0.05
8,2014-01-04,3713,10,0.27
9,2014-01-04,4240,-10,-0.24
10,2014-01-04,3497,3,0.09
11,2014-01-04,6068,5,0.08
12,2014-01-04,5950,-9,-0.15
13,2014-01-04,5911,2,0.03
14,2014-01-04,3443,9,0.26
15,2014-01-04,5130,1,0.02
16,2014-01-04,5247,-1,-0.02
17,2014-01-04,5445,0,0
18,2014-01-04,5873,10,0.17
19,2014-01-04,4379,6,0.14
20,2014-01-04,4068,4,0.1
21,2014-01-04,5103,3,0.06
1,2014-01-03,6786,-6,-0.09
2,2014-01-03,4430,8,0.18
3,2014-01-03,4571,-1,-0.02
6,2014-01-03,5430,-8,-0.15
7,2014-01-03,3956,-8,-0.2
8,2014-01-03,3703,-9,-0.24
9,2014-01-03,4250,3,0.07
10,2014-01-03,3494,9,0.26
11,2014-01-03,6063,-8,-0.13
12,2014-01-03,5959,1,0.02
13,2014-01-03,5909,-6,-0.1
14,2014-01-03,3434,-3,-0.09
15,2014-01-03,5129,-10,-0.19
16,2014-01-03,5248,-1,-0.02
17,2014-01-03,5445,-1,-0.02
18,2014-01-03,5863,-4,-0.07
19,2014-01-03,4373,-10,-0.23
20,2014-01-03,4064,-3,-0.07
21,2014-01-03,5100,8,0.16
1,2014-01-02,6792,7,0.1
2,2014-01-02,4422,-3,-0.07
3,2014-01-02,4572,8,0.18
6,2014-01-02,5438,8,0.15
7,2014-01-02,3964,7,0.18
8,2014-01-02,3712,-8,-0.22
9,2014-01-02,4247,-9,-0.21
10,2014-01-02,3485,-10,-0.29
11,2014-01-02,6071,-9,-0.15
12,2014-01-02,5958,-7,-0.12
13,2014-01-02,5915,6,0.1
14,2014-01-02,3437,4,0.12
15,2014-01-02,5139,4,0.08
16,2014-01-02,5249,4,0.08
17,2014-01-02,5446,-9,-0.16
18,2014-01-02,5867,3,0.05
19,2014-01-02,4383,-4,-0.09
20,2014-01-02,4067,8,0.2
21,2014-01-02,5092,-3,-0.06
1,2014-01-01,6785,7,0.1
2,2014-01-01,4425,8,0.18
3,2014-01-01,4564,5,0.11
6,2014-01-01,5430,-8,-0.15
7,2014-01-01,3957,7,0.18
8,2014-01-01,3720,5,0.13
9,2014-01-01,4256,10,0.24
10,2014-01-01,3495,-5,-0.14
11,2014-01-01,6080,2,0.03
12,2014-01-01,5965,9,0.15
13,2014-01-01,5909,8,0.14
14,2014-01-01,3433,-1,-0.03
15,2014-01-01,5135,-6,-0.12
16,2014-01-01,5245,9,0.17
17,2014-01-01,5455,-9,-0.16
18,2014-01-01,5864,-7,-0.12
19,2014-01-01,4387,7,0.16
20,2014-01-01,4059,-4,-0.1
21,2014-01-01,5095,1,0.02
1,2013-12-31,6778,1,0.01
2,2013-12-31,4417,-2,-0.05
3,2013-12-31,4559,6,0.13
6,2013-12-31,5438,-2,-0.04
7,2013-12-31,3950,2,0.05
8,2013-12-31,3715,5,0.13
9,2013-12-31,4246,-9,-0.21
10,2013-12-31,3500,-4,-0.11
11,2013-12-31,6078,5,0.08
12,2013-12-31,5956,9,0.15
13,2013-12-31,5901,3,0.05
14,2013-12-31,3434,-4,-0.12
15,2013-12-31,5141,-2,-0.04
16,2013-12-31,5236,-9,-0.17
17,2013-12-31,5464,4,0.07
18,2013-12-31,5871,9,0.15
19,2013-12-31,4380,-9,-0.21
20,2013-12-31,4063,-9,-0.22
21,2013-12-31,5094,10,0.2
1,2013-12-30,6777,7,0.1
2,2013-12-30,4419,5,0.11
3,2013-12-30,4553,-10,-0.22
6,2013-12-30,5440,10,0.18
7,2013-12-30,3948,-8,-0.2
8,2013-12-30,3710,9,0.24
9,2013-12-30,4255,-8,-0.19
10,2013-12-30,3504,9,0.26
11,2013-12-30,6073,0,0
12,2013-12-30,5947,4,0.07
13,2013-12-30,5898,2,0.03
14,2013-12-30,3438,-8,-0.23
15,2013-12-30,5143,-5,-0.1
16,2013-12-30,5245,-7,-0.13
17,2013-12-30,5460,1,0.02
18,2013-12-30,5862,5,0.09
19,2013-12-30,4389,8,0.18
20,2013-12-30,4072,-7,-0.17
21,2013-12-30,5084,10,0.2
1,2013-12-29,6770,0,0
2,2013-12-29,4414,-6,-0.14
3,2013-12-29,4563,1,0.02
6,2013-12-29,5430,-9,-0.17
7,2013-12-29,3956,2,0.05
8,2013-12-29,3701,-6,-0.16
9,2013-12-29,4263,-7,-0.16
10,2013-12-29,3495,-7,-0.2
11,2013-12-29,6073,-5,-0.08
12,2013-12-29,5943,8,0.13
13,2013-12-29,5896,10,0.17
14,2013-12-29,3446,7,0.2
15,2013-12-29,5148,10,0.19
16,2013-12-29,5252,-2,-0.04
17,2013-12-29,5459,9,0.17
18,2013-12-29,5857,6,0.1
19,2013-12-29,4381,-10,-0.23
20,2013-12-29,4079,5,0.12
21,2013-12-29,5074,-4,-0.08
1,2013-12-28,6770,-6,-0.09
2,2013-12-28,4420,-5,-0.11
3,2013-12-28,4562,-6,-0.13
6,2013-12-28,5439,-3,-0.06
7,2013-12-28,3954,10,0.25
8,2013-12-28,3707,-4,-0.11
9,2013-12-28,4270,1,0.02
10,2013-12-28,3502,6,0.17
11,2013-12-28,6078,-7,-0.12
12,2013-12-28,5935,3,0.05
13,2013-12-28,5886,-3,-0.05
14,2013-12-28,3439,2,0.06
15,2013-12-28,5138,0,0
16,2013-12-28,5254,8,0.15
17,2013-12-28,5450,0,0
18,2013-12-28,5851,-8,-0.14
19,2013-12-28,4391,-7,-0.16
20,2013-12-28,4074,-3,-0.07
21,2013-12-28,5078,10,0.2
1,2013-12-27,6776,-4,-0.06
2,2013-12-27,4425,-6,-0.14
3,2013-12-27,4568,-10,-0.22
6,2013-12-27,5442,-8,-0.15
7,2013-12-27,3944,-10,-0.25
8,2013-12-27,3711,0,0
9,2013-12-27,4269,3,0.07
10,2013-12-27,3496,-2,-0.06
11,2013-12-27,6085,-6,-0.1
12,2013-12-27,5932,6,0.1
13,2013-12-27,5889,2,0.03
14,2013-12-27,3437,0,0
15,2013-12-27,5138,-7,-0.14
16,2013-12-27,5246,10,0.19
17,2013-12-27,5450,8,0.15
18,2013-12-27,5859,-2,-0.03
19,2013-12-27,4398,9,0.21
20,2013-12-27,4077,2,0.05
21,2013-12-27,5068,7,0.14
1,2013-12-26,6780,10,0.15
2,2013-12-26,4431,8,0.18
3,2013-12-26,4578,-1,-0.02
6,2013-12-26,5450,-5,-0.09
7,2013-12-26,3954,5,0.13
8,2013-12-26,3711,0,0
9,2013-12-26,4266,-3,-0.07
10,2013-12-26,3498,-5,-0.14
11,2013-12-26,6091,8,0.13
12,2013-12-26,5926,3,0.05
13,2013-12-26,5887,-1,-0.02
14,2013-12-26,3437,-8,-0.23
15,2013-12-26,5145,10,0.19
16,2013-12-26,5236,3,0.06
17,2013-12-26,5442,4,0.07
18,2013-12-26,5861,-8,-0.14
19,2013-12-26,4389,10,0.23
20,2013-12-26,4075,1,0.02
21,2013-12-26,5061,-7,-0.14
1,2013-12-25,6770,7,0.1
2,2013-12-25,4423,8,0.18
3,2013-12-25,4579,2,0.04
6,2013-12-25,5455,0,0
7,2013-12-25,3949,5,0.13
8,2013-12-25,3711,-8,-0.22
9,2013-12-25,4269,-2,-0.05
10,2013-12-25,3503,-8,-0.23
11,2013-12-25,6083,3,0.05
12,2013-12-25,5923,6,0.1
13,2013-12-25,5888,3,0.05
14,2013-12-25,3445,8,0.23
15,2013-12-25,5135,3,0.06
16,2013-12-25,5233,-1,-0.02
17,2013-12-25,5438,-9,-0.17
18,2013-12-25,5869,9,0.15
19,2013-12-25,4379,3,0.07
20,2013-12-25,4074,9,0.22
21,2013-12-25,5068,8,0.16
1,2013-12-24,6763,6,0.09
2,2013-12-24,4415,-4,-0.09
3,2013-12-24,4577,6,0.13
6,2013-12-24,5455,5,0.09
7,2013-12-24,3944,4,0.1
8,2013-12-24,3719,10,0.27
9,2013-12-24,4271,-9,-0.21
10,2013-12-24,3511,-4,-0.11
11,2013-12-24,6080,-6,-0.1
12,2013-12-24,5917,3,0.05
13,2013-12-24,5885,6,0.1
14,2013-12-24,3437,7,0.2
15,2013-12-24,5132,-9,-0.18
16,2013-12-24,5234,6,0.11
17,2013-12-24,5447,3,0.06
18,2013-12-24,5860,1,0.02
19,2013-12-24,4376,4,0.09
20,2013-12-24,4065,0,0
21,2013-12-24,5060,4,0.08
1,2013-12-23,6757,6,0.09
2,2013-12-23,4419,-7,-0.16
3,2013-12-23,4571,8,0.18
6,2013-12-23,5450,-2,-0.04
7,2013-12-23,3940,5,0.13
8,2013-12-23,3709,1,0.03
9,2013-12-23,4280,9,0.21
10,2013-12-23,3515,-5,-0.14
11,2013-12-23,6086,-2,-0.03
12,2013-12-23,5914,10,0.17
13,2013-12-23,5879,-5,-0.08
14,2013-12-23,3430,4,0.12
15,2013-12-23,5141,-1,-0.02
16,2013-12-23,5228,-8,-0.15
17,2013-12-23,5444,-1,-0.02
18,2013-12-23,5859,3,0.05
19,2013-12-23,4372,0,0
20,2013-12-23,4065,1,0.02
21,2013-12-23,5056,-8,-0.16
1,2013-12-22,6751,4,0.06
2,2013-12-22,4426,8,0.18
3,2013-12-22,4563,6,0.13
6,2013-12-22,5452,-9,-0.16
7,2013-12-22,3935,3,0.08
8,2013-12-22,3708,-9,-0.24
9,2013-12-22,4271,-10,-0.23
10,2013-12-22,3520,5,0.14
11,2013-12-22,6088,-6,-0.1
12,2013-12-22,5904,2,0.03
13,2013-12-22,5884,-3,-0.05
14,2013-12-22,3426,-5,-0.15
15,2013-12-22,5142,-8,-0.16
16,2013-12-22,5236,5,0.1
17,2013-12-22,5445,2,0.04
18,2013-12-22,5856,4,0.07
19,2013-12-22,4372,1,0.02
20,2013-12-22,4064,-4,-0.1
21,2013-12-22,5064,5,0.1
1,2013-12-21,6747,-3,-0.04
2,2013-12-21,4418,-8,-0.18
3,2013-12-21,4557,-4,-0.09
6,2013-12-21,5461,10,0.18
7,2013-12-21,3932,8,0.2
8,2013-12-21,3717,-7,-0.19
9,2013-12-21,4281,3,0.07
10,2013-12-21,3515,-1,-0.03
11,2013-12-21,6094,2,0.03
12,2013-12-21,5902,-7,-0.12
13,2013-12-21,5887,10,0.17
14,2013-12-21,3431,0,0
15,2013-12-21,5150,7,0.14
16,2013-12-21,5231,9,0.17
17,2013-12-21,5443,1,0.02
18,2013-12-21,5852,-9,-0.15
19,2013-12-21,4371,-5,-0.11
20,2013-12-21,4068,3,0.07
21,2013-12-21,5059,-6,-0.12
1,2013-12-20,6750,10,0.15
2,2013-12-20,4426,3,0.07
3,2013-12-20,4561,9,0.2
6,2013-12-20,5451,-2,-0.04
7,2013-12-20,3924,9,0.23
8,2013-12-20,3724,1,0.03
9,2013-12-20,4278,9,0.21
10,2013-12-20,3516,8,0.23
11,2013-12-20,6092,5,0.08
12,2013-12-20,5909,1,0.02
13,2013-12-20,5877,-8,-0.14
14,2013-12-20,3431,-10,-0.29
15,2013-12-20,5143,9,0.18
16,2013-12-20,5222,-3,-0.06
17,2013-12-20,5442,5,0.09
18,2013-12-20,5861,9,0.15
19,2013-12-20,4376,1,0.02
20,2013-12-20,4065,6,0.15
21,2013-12-20,5065,9,0.18
1,2013-12-19,6740,-2,-0.03
2,2013-12-19,4423,-9,-0.2
3,2013-12-19,4552,-1,-0.02
6,2013-12-19,5453,-3,-0.05
7,2013-12-19,3915,7,0.18
8,2013-12-19,3723,-3,-0.08
9,2013-12-19,4269,4,0.09
10,2013-12-19,3508,5,0.14
11,2013-12-19,6087,-2,-0.03
12,2013-12-19,5908,-8,-0.14
13,2013-12-19,5885,-5,-0.08
14,2013-12-19,3441,6,0.17
15,2013-12-19,5134,10,0.2
16,2013-12-19,5225,0,0
17,2013-12-19,5437,4,0.07
18,2013-12-19,5852,7,0.12
19,2013-12-19,4375,-7,-0.16
20,2013-12-19,4059,6,0.15
21,2013-12-19,5056,-2,-0.04
1,2013-12-18,6742,-4,-0.06
2,2013-12-18,4432,9,0.2
3,2013-12-18,4553,7,0.15
6,2013-12-18,5456,-7,-0.13
7,2013-12-18,3908,-5,-0.13
8,2013-12-18,3726,6,0.16
9,2013-12-18,4265,2,0.05
10,2013-12-18,3503,2,0.06
11,2013-12-18,6089,0,0
12,2013-12-18,5916,-6,-0.1
13,2013-12-18,5890,2,0.03
14,2013-12-18,3435,-8,-0.23
15,2013-12-18,5124,9,0.18
16,2013-12-18,5225,0,0
17,2013-12-18,5433,-6,-0.11
18,2013-12-18,5845,1,0.02
19,2013-12-18,4382,-9,-0.2
20,2013-12-18,4053,4,0.1
21,2013-12-18,5058,-2,-0.04
1,2013-12-17,6746,-4,-0.06
2,2013-12-17,4423,-6,-0.14
3,2013-12-17,4546,4,0.09
6,2013-12-17,5463,-8,-0.15
7,2013-12-17,3913,0,0
8,2013-12-17,3720,-9,-0.24
9,2013-12-17,4263,-10,-0.23
10,2013-12-17,3501,-8,-0.23
11,2013-12-17,6089,8,0.13
12,2013-12-17,5922,9,0.15
13,2013-12-17,5888,-9,-0.15
14,2013-12-17,3443,-1,-0.03
15,2013-12-17,5115,4,0.08
16,2013-12-17,5225,-2,-0.04
17,2013-12-17,5439,-7,-0.13
18,2013-12-17,5844,6,0.1
19,2013-12-17,4391,-2,-0.05
20,2013-12-17,4049,2,0.05
21,2013-12-17,5060,-3,-0.06
1,2013-12-16,6750,-5,-0.07
2,2013-12-16,4429,0,0
3,2013-12-16,4542,1,0.02
6,2013-12-16,5471,-4,-0.07
7,2013-12-16,3913,-1,-0.03
8,2013-12-16,3729,6,0.16
9,2013-12-16,4273,-1,-0.02
10,2013-12-16,3509,-6,-0.17
11,2013-12-16,6081,-5,-0.08
12,2013-12-16,5913,-3,-0.05
13,2013-12-16,5897,8,0.14
14,2013-12-16,3444,-9,-0.26
15,2013-12-16,5111,-9,-0.18
16,2013-12-16,5227,8,0.15
17,2013-12-16,5446,-7,-0.13
18,2013-12-16,5838,7,0.12
19,2013-12-16,4393,9,0.21
20,2013-12-16,4047,1,0.02
21,2013-12-16,5063,5,0.1
1,2013-12-15,6755,2,0.03
2,2013-12-15,4429,4,0.09
3,2013-12-15,4541,-1,-0.02
6,2013-12-15,5475,-6,-0.11
7,2013-12-15,3914,-4,-0.1
8,2013-12-15,3723,-1,-0.03
9,2013-12-15,4274,-2,-0.05
10,2013-12-15,3515,-4,-0.11
11,2013-12-15,6086,10,0.16
12,2013-12-15,5916,-5,-0.08
13,2013-12-15,5889,-5,-0.08
14,2013-12-15,3453,-7,-0.2
15,2013-12-15,5120,6,0.12
16,2013-12-15,5219,0,0
17,2013-12-15,5453,8,0.15
18,2013-12-15,5831,10,0.17
19,2013-12-15,4384,-5,-0.11
20,2013-12-15,4046,9,0.22
21,2013-12-15,5058,-7,-0.14
1,2013-12-14,6753,-9,-0.13
2,2013-12-14,4425,5,0.11
3,2013-12-14,4542,-10,-0.22
6,2013-12-14,5481,-5,-0.09
7,2013-12-14,3918,5,0.13
8,2013-12-14,3724,-8,-0.21
9,2013-12-14,4276,-3,-0.07
10,2013-12-14,3519,-10,-0.28
11,2013-12-14,6076,-9,-0.15
12,2013-12-14,5921,-2,-0.03
13,2013-12-14,5894,9,0.15
14,2013-12-14,3460,-7,-0.2
15,2013-12-14,5114,-6,-0.12
16,2013-12-14,5219,2,0.04
17,2013-12-14,5445,4,0.07
18,2013-12-14,5821,-3,-0.05
19,2013-12-14,4389,-4,-0.09
20,2013-12-14,4037,-8,-0.2
21,2013-12-14,5065,-7,-0.14
1,2013-12-13,6762,9,0.13
2,2013-12-13,4420,6,0.14
3,2013-12-13,4552,3,0.07
6,2013-12-13,5486,3,0.05
7,2013-12-13,3913,0,0
8,2013-12-13,3732,-10,-0.27
9,2013-12-13,4279,-4,-0.09
10,2013-12-13,3529,5,0.14
11,2013-12-13,6085,7,0.12
12,2013-12-13,5923,0,0
13,2013-12-13,5885,-6,-0.1
14,2013-12-13,3467,-3,-0.09
15,2013-12-13,5120,-7,-0.14
16,2013-12-13,5217,3,0.06
17,2013-12-13,5441,7,0.13
18,2013-12-13,5824,-6,-0.1
19,2013-12-13,4393,-9,-0.2
20,2013-12-13,4045,-5,-0.12
21,2013-12-13,5072,6,0.12
1,2013-12-12,6753,9,0.13
2,2013-12-12,4414,2,0.05
3,2013-12-12,4549,2,0.04
6,2013-12-12,5483,10,0.18
7,2013-12-12,3913,5,0.13
8,2013-12-12,3742,6,0.16
9,2013-12-12,4283,6,0.14
10,2013-12-12,3524,1,0.03
11,2013-12-12,6078,-8,-0.13
12,2013-12-12,5923,-5,-0.08
13,2013-12-12,5891,3,0.05
14,2013-12-12,3470,-9,-0.26
15,2013-12-12,5127,6,0.12
16,2013-12-12,5214,-5,-0.1
17,2013-12-12,5434,-2,-0.04
18,2013-12-12,5830,-10,-0.17
19,2013-12-12,4402,9,0.2
20,2013-12-12,4050,9,0.22
21,2013-12-12,5066,8,0.16
1,2013-12-11,6744,-3,-0.04
2,2013-12-11,4412,-9,-0.2
3,2013-12-11,4547,-6,-0.13
6,2013-12-11,5473,-8,-0.15
7,2013-12-11,3908,1,0.03
8,2013-12-11,3736,6,0.16
9,2013-12-11,4277,-4,-0.09
10,2013-12-11,3523,5,0.14
11,2013-12-11,6086,5,0.08
12,2013-12-11,5928,1,0.02
13,2013-12-11,5888,8,0.14
14,2013-12-11,3479,5,0.14
15,2013-12-11,5121,1,0.02
16,2013-12-11,5219,-8,-0.15
17,2013-12-11,5436,2,0.04
18,2013-12-11,5840,6,0.1
19,2013-12-11,4393,-5,-0.11
20,2013-12-11,4041,-6,-0.15
21,2013-12-11,5058,10,0.2
1,2013-12-10,6747,-4,-0.06
2,2013-12-10,4421,-1,-0.02
3,2013-12-10,4553,0,0
6,2013-12-10,5481,9,0.16
7,2013-12-10,3907,6,0.15
8,2013-12-10,3730,3,0.08
9,2013-12-10,4281,9,0.21
10,2013-12-10,3518,-7,-0.2
11,2013-12-10,6081,9,0.15
12,2013-12-10,5927,-7,-0.12
13,2013-12-10,5880,8,0.14
14,2013-12-10,3474,-9,-0.26
15,2013-12-10,5120,-10,-0.19
16,2013-12-10,5227,9,0.17
17,2013-12-10,5434,10,0.18
18,2013-12-10,5834,9,0.15
19,2013-12-10,4398,-4,-0.09
20,2013-12-10,4047,-4,-0.1
21,2013-12-10,5048,-5,-0.1
1,2013-12-09,6751,10,0.15
2,2013-12-09,4422,8,0.18
3,2013-12-09,4553,-8,-0.18
6,2013-12-09,5472,-8,-0.15
7,2013-12-09,3901,-3,-0.08
8,2013-12-09,3727,9,0.24
9,2013-12-09,4272,-6,-0.14
10,2013-12-09,3525,-4,-0.11
11,2013-12-09,6072,1,0.02
12,2013-12-09,5934,8,0.13
13,2013-12-09,5872,9,0.15
14,2013-12-09,3483,-10,-0.29
15,2013-12-09,5130,0,0
16,2013-12-09,5218,10,0.19
17,2013-12-09,5424,-3,-0.06
18,2013-12-09,5825,9,0.15
19,2013-12-09,4402,-10,-0.23
20,2013-12-09,4051,-3,-0.07
21,2013-12-09,5053,0,0
1,2013-12-08,6741,-4,-0.06
2,2013-12-08,4414,6,0.14
3,2013-12-08,4561,3,0.07
6,2013-12-08,5480,6,0.11
7,2013-12-08,3904,5,0.13
8,2013-12-08,3718,-8,-0.21
9,2013-12-08,4278,-1,-0.02
10,2013-12-08,3529,8,0.23
11,2013-12-08,6071,8,0.13
12,2013-12-08,5926,-4,-0.07
13,2013-12-08,5863,-3,-0.05
14,2013-12-08,3493,-8,-0.23
15,2013-12-08,5130,-5,-0.1
16,2013-12-08,5208,8,0.15
17,2013-12-08,5427,-6,-0.11
18,2013-12-08,5816,5,0.09
19,2013-12-08,4412,-1,-0.02
20,2013-12-08,4054,-4,-0.1
21,2013-12-08,5053,3,0.06
1,2013-12-07,6745,7,0.1
2,2013-12-07,4408,0,0
3,2013-12-07,4558,10,0.22
6,2013-12-07,5474,8,0.15
7,2013-12-07,3899,10,0.26
8,2013-12-07,3726,8,0.22
9,2013-12-07,4279,8,0.19
10,2013-12-07,3521,-3,-0.09
11,2013-12-07,6063,-3,-0.05
12,2013-12-07,5930,7,0.12
13,2013-12-07,5866,-5,-0.09
14,2013-12-07,3501,-8,-0.23
15,2013-12-07,5135,5,0.1
16,2013-12-07,5200,1,0.02
17,2013-12-07,5433,-5,-0.09
18,2013-12-07,5811,2,0.03
19,2013-12-07,4413,-3,-0.07
20,2013-12-07,4058,-3,-0.07
21,2013-12-07,5050,8,0.16
1,2013-12-06,6738,-4,-0.06
2,2013-12-06,4408,-7,-0.16
3,2013-12-06,4548,-9,-0.2
6,2013-12-06,5466,-5,-0.09
7,2013-12-06,3889,-5,-0.13
8,2013-12-06,3718,-2,-0.05
9,2013-12-06,4271,8,0.19
10,2013-12-06,3524,-2,-0.06
11,2013-12-06,6066,1,0.02
12,2013-12-06,5923,0,0
13,2013-12-06,5871,-7,-0.12
14,2013-12-06,3509,3,0.09
15,2013-12-06,5130,-5,-0.1
16,2013-12-06,5199,-10,-0.19
17,2013-12-06,5438,10,0.18
18,2013-12-06,5809,0,0
19,2013-12-06,4416,-6,-0.14
20,2013-12-06,4061,-5,-0.12
21,2013-12-06,5042,-9,-0.18
1,2013-12-05,6742,3,0.04
2,2013-12-05,4415,-4,-0.09
3,2013-12-05,4557,-1,-0.02
6,2013-12-05,5471,3,0.05
7,2013-12-05,3894,-4,-0.1
8,2013-12-05,3720,-3,-0.08
9,2013-12-05,4263,-8,-0.19
10,2013-12-05,3526,-9,-0.25
11,2013-12-05,6065,-10,-0.16
12,2013-12-05,5923,4,0.07
13,2013-12-05,5878,-6,-0.1
14,2013-12-05,3506,-1,-0.03
15,2013-12-05,5135,-10,-0.19
16,2013-12-05,5209,0,0
17,2013-12-05,5428,-3,-0.06
18,2013-12-05,5809,7,0.12
19,2013-12-05,4422,7,0.16
20,2013-12-05,4066,-9,-0.22
21,2013-12-05,5051,8,0.16
1,2013-12-04,6739,4,0.06
2,2013-12-04,4419,6,0.14
3,2013-12-04,4558,3,0.07
6,2013-12-04,5468,-4,-0.07
7,2013-12-04,3898,6,0.15
8,2013-12-04,3723,-5,-0.13
9,2013-12-04,4271,-1,-0.02
10,2013-12-04,3535,10,0.28
11,2013-12-04,6075,-2,-0.03
12,2013-12-04,5919,-2,-0.03
13,2013-12-04,5884,-3,-0.05
14,2013-12-04,3507,-3,-0.09
15,2013-12-04,5145,-4,-0.08
16,2013-12-04,5209,-1,-0.02
17,2013-12-04,5431,-5,-0.09
18,2013-12-04,5802,9,0.16
19,2013-12-04,4415,-7,-0.16
20,2013-12-04,4075,8,0.2
21,2013-12-04,5043,-8,-0.16
1,2013-12-03,6735,-9,-0.13
2,2013-12-03,4413,5,0.11
3,2013-12-03,4555,0,0
6,2013-12-03,5472,1,0.02
7,2013-12-03,3892,-8,-0.21
8,2013-12-03,3728,-7,-0.19
9,2013-12-03,4272,-8,-0.19
10,2013-12-03,3525,-2,-0.06
11,2013-12-03,6077,-10,-0.16
12,2013-12-03,5921,2,0.03
13,2013-12-03,5887,7,0.12
14,2013-12-03,3510,4,0.11
15,2013-12-03,5149,4,0.08
16,2013-12-03,5210,9,0.17
17,2013-12-03,5436,-5,-0.09
18,2013-12-03,5793,2,0.03
19,2013-12-03,4422,1,0.02
20,2013-12-03,4067,6,0.15
21,2013-12-03,5051,3,0.06
1,2013-12-02,6744,-5,-0.07
2,2013-12-02,4408,10,0.23
3,2013-12-02,4555,-10,-0.22
6,2013-12-02,5471,-9,-0.16
7,2013-12-02,3900,6,0.15
8,2013-12-02,3735,-2,-0.05
9,2013-12-02,4280,4,0.09
10,2013-12-02,3527,-1,-0.03
11,2013-12-02,6087,-3,-0.05
12,2013-12-02,5919,3,0.05
13,2013-12-02,5880,-2,-0.03
14,2013-12-02,3506,4,0.11
15,2013-12-02,5145,-4,-0.08
16,2013-12-02,5201,9,0.17
17,2013-12-02,5441,2,0.04
18,2013-12-02,5791,-5,-0.09
19,2013-12-02,4421,-3,-0.07
20,2013-12-02,4061,-3,-0.07
21,2013-12-02,5048,-7,-0.14
1,2013-12-01,6749,,
2,2013-12-01,4398,,
3,2013-12-01,4565,,
6,2013-12-01,5480,,
7,2013-12-01,3894,,
8,2013-12-01,3737,,
9,2013-12-01,4276,,
10,2013-12-01,3528,,
11,2013-12-01,6090,,
12,2013-12-01,5916,,
13,2013-12-01,5882,,
14,2013-12-01,3502,,
15,2013-12-01,5149,,
16,2013-12-01,5192,,
17,2013-12-01,5439,,
18,2013-12-01,5796,,
19,2013-12-01,4424,,
20,2013-12-01,4064,,
21,2013-12-01,5055,,
